<?xml version="1.0" encoding="UTF-8"?>
<beans xmlns="http://www.springframework.org/schema/beans"
   xmlns:xsi="http://www.w3.org/2001/XMLSchema-instance"
   xsi:schemaLocation="http://www.springframework.org/schema/beans http://www.springframework.org/schema/beans/spring-beans.xsd">
   
   <!-- Root Context: defines shared resources visible to all other web components -->
      
   <!-- Data Source 등록  -->
   <bean destroy-method="close" class="org.apache.commons.dbcp.BasicDataSource" id="dataSource">
      <property value="oracle.jdbc.driver.OracleDriver" name="driverClassName"/>
      <property value="jdbc:oracle:thin:@localhost:1521:xe" name="url"/>
      <property value="fitnessground" name="username"/>
      <property value="fitnessground" name="password"/>
   </bean>
   
   <!-- Spring & Mybatis 연동설정 -->
   <bean id="sqlSession"
      class="org.mybatis.spring.SqlSessionFactoryBean">
   <property name="configLocation"
      value="classpath:mybatis-config.xml">
   </property>
   <property name="dataSource" ref="dataSource"></property>
   </bean>
   <bean class="org.mybatis.spring.SqlSessionTemplate">
      <constructor-arg ref="sqlSession"></constructor-arg>
   </bean>
   
   <!-- 메일보내기 -->
   <bean id="mailSender" class = "org.springframework.mail.javamail.JavaMailSenderImpl">
      <property name="host" value="smtp.gmail.com" />
      <property name="port" value="587" />
      <property name="username" value="FitnessGround00@gmail.com" />
      <property name="password" value="!tnthd34887558" />
      <property name="javaMailProperties">
         <props>
               <prop key="mail.transport.protocol">smtp</prop>
               <prop key="mail.smtp.auth">true</prop>
               <prop key="mail.smtp.starttls.enable">true</prop>
               <prop key="mail.debug">true</prop>
         </props>
      </property>
   </bean>
</beans>