<?xml version="1.0" encoding="UTF-8"?>
<!DOCTYPE mapper PUBLIC
"-//mybatis.org//DTD Mapper 3.0//EN"
"http://mybatis.org/dtd/mybatis-3-mapper.dtd">
<mapper namespace="comment">

	<resultMap id="resultComment" type="Comment">
		<id property="vb_no" column="vb_no"/>
		<result property="v_no" column="v_no" />
		<result property="user_no" column="user_no"/>
		<result property="content" column="content"/>
		<result property="reply_date" column="reply_date"/>	
	</resultMap>
	
	<resultMap id="resultJoinComment" type="Comment">
		<id property="vb_no" column="vb_no"/>
		<result property="v_no" column="v_no" />
		<result property="user_no" column="user_no"/>
		<result property="content" column="content"/>
		<result property="reply_date" column="reply_date"/>	
		<result property="stringReplyDate" column="stringReplyDate"/>
		<result property="nickname" column="nickname"/>
		<result property="name" column="name"/>

	</resultMap>
	
	
	<select id="selectCommentList" parameterType="_int" resultType="list" resultMap="resultJoinComment">
		<![CDATA[
			select vb_no,v_no,user_no,content,to_char(reply_date,'yyyy-mm-dd') as "stringReplyDate",nickname,name
			from tb_user join tb_vb_comment using(user_no)
			where v_no=#{v_no} order by vb_no desc
		]]>
	
	</select>
	
	<select id="selectComment" parameterType="_int" resultType="Comment" resultMap ="resultComment">
		<![CDATA[
			select * from tb_vb_comment where vb_no=#{vb_no}
		]]>	
	</select>
		
	<insert id="insertComment" parameterType="Comment" flushCache="true" statementType="PREPARED" useGeneratedKeys="true">
		<![CDATA[
			insert into tb_vb_comment values (VBC_SEQ.nextval,#{v_no},#{user_no},#{content},#{reply_date})
			
		]]>
	</insert>
	
	<delete id="deleteComment" parameterType="Comment">
		<![CDATA[
			delete from tb_vb_comment where v_no=#{v_no} and vb_no=#{vb_no}
			
		]]>
	</delete>
	

</mapper>