<?xml version="1.0" encoding="utf-8"?>
<!DOCTYPE mapper PUBLIC
"-//mybatis.org//DTD Mapper 3.0//EN"
"http://mybatis.org/dtd/mybatis-3-mapper.dtd">
<mapper namespace="community">

	<resultMap id="MeetingResult" type="Meeting">
		<id property="mb_no" column="MB_NO" />
		<result property="user_no" column="USER_NO" />
		<result property="name" column="NAME" />
		<result property="title" column="TITLE" />
		<result property="content" column="CONTENT" />
		<result property="meeting_location" column="MEETING_LOCATION" />
		<result property="meeting_date" column="MEETING_DATE" jdbcType="DATE" javaType="java.sql.Date"/>
		<result property="upload_date" column="UPLOAD_DATE" jdbcType="DATE" javaType="java.sql.Date"/>
		<result property="readcount" column="READCOUNT" />
	</resultMap>
	
	 <resultMap id="CommunityResult" type="Community">
      <id property="cb_no" column="CB_NO" />
      <result property="user_no" column="USER_NO" />
      <result property="name" column="NAME" />
      <result property="title" column="TITLE" />
      <result property="content" column="CONTENT" />
      <result property="board_property" column="BOARD_PROPERTY"/>
      <result property="upload_date" column="UPLOAD_DATE" jdbcType="DATE" javaType="java.sql.Date"/>
      <result property="readcount" column="READCOUNT" />
   </resultMap>   
   
   <resultMap id="MeetingCommentResult" type="MeetingComment">
      <id property="mbc_no" column="MBC_NO" />
      <result property="mb_no" column="MB_NO" />
      <result property="content" column="CONTENT" />
      <result property="user_no" column="USER_NO" />
      <result property="reply_date" column="REPLY_DATE" jdbcType="DATE" javaType="java.sql.Date"/>
   </resultMap>
   
    <resultMap id="CommunityCommentResult" type="CommunityComment">
      <id property="cbc_no" column="CBC_NO" />
      <result property="cb_no" column="CB_NO" />
      <result property="user_no" column="USER_NO" />
        <result property="content" column="CONTENT" />
      <result property="reply_date" column="REPLY_DATE" jdbcType="DATE" javaType="java.sql.Date"/>
   </resultMap>
   
   <resultMap id="MyPageCommunity" type="ComAndMeet">
      <result property="board_no" column="CB_NO" />
      <result property="category_no" column="BOARD_PROPERTY" />
      <result property="user_no" column="USER_NO" />
      <result property="title" column="TITLE" />
      <result property="upload_date" column="UPLOAD_DATE" />
   </resultMap>
   <resultMap id="MyPageMeeting" type="ComAndMeet">
      <result property="board_no" column="MB_NO" />
      <result property="user_no" column="USER_NO" />
      <result property="title" column="TITLE" />
      <result property="upload_date" column="UPLOAD_DATE" />
   </resultMap>
	
	
	<!-- 전체리스트 -->
	<select id="meetingView" resultType="list" resultMap="MeetingResult">
		<![CDATA[select * from (select mb_no,name, (substr(title,0,22)||'..') as title, upload_date from tb_meeting_board a join tb_user b on (a.user_no = b.user_no)where 7 >= rownum order by mb_no desc)]]>
	</select>
	
	<select id="reviewView" resultType="list" resultMap="CommunityResult">
		<![CDATA[select * from (select cb_no, name, (substr(title,0,22)||'..') as title, upload_date from tb_com_board a join tb_user b on (a.user_no = b.user_no)where 7 >= rownum and board_property =0 order by cb_no desc)]]>
	</select>
	
	<select id="qnaView" resultType="list" resultMap="CommunityResult">
		<![CDATA[select * from (select cb_no,name, (substr(title,0,22)||'..') as title, upload_date from tb_com_board a join tb_user b on (a.user_no = b.user_no)where 7 >= rownum and board_property =1 order by cb_no desc)]]>
	</select>
	
	
		<!-- ======================================운동같이해요====================================================== -->
	<!-- 조회수 증가 -->
	<update id="meetingCount" parameterType="Meeting">
	<![CDATA[update tb_meeting_board set readcount = readcount +1 where mb_no =#{mb_no}]]>
	</update>
	
	<!--  운동같이해요 게시판 메인 -->
	<select id="meetingListView" resultType="list" resultMap="MeetingResult">
		<![CDATA[select * from(select rownum as rnum, name,a.* from mb_view a join tb_user b on(a.user_no = b.user_no))where rnum >=#{startRow} and rnum <=#{endRow}]]>
	</select>
	
	<!--  운동같이해요 제목 검색 -->
	<select id="meetingTitleSearch" resultType="list" resultMap="MeetingResult">
		<![CDATA[
			select * from(select rownum as rnum, c.* from (select a.*,b.name from tb_meeting_board a 
			join tb_user b on(a.user_no=b.user_no) order by a.mb_no desc) c
			) where rnum >=#{startRow} and rnum <=#{endRow} and title like #{searchKey}
		]]>
	</select>
	<!--  운동같이해요 이름 검색  -->
	<select id="meetingNameSearch" resultType="list" resultMap="MeetingResult">
		<![CDATA[
			select * from(select rownum as rnum, c.* from (select a.*,b.name from tb_meeting_board a 
			join tb_user b on(a.user_no=b.user_no) order by a.mb_no desc) c
			) where rnum >=#{startRow} and rnum <=#{endRow} and name like #{searchKey}
		]]>	
	</select>
			
	<!--  운동같이해요 내용 검색-->	
	<select id="meetingContentSearch" resultType="list" resultMap="MeetingResult">
		<![CDATA[
			select * from(select rownum as rnum, c.* from (select a.*,b.name from tb_meeting_board a 
			join tb_user b on(a.user_no=b.user_no) order by a.mb_no desc) c
			) where rnum >=#{startRow} and rnum <=#{endRow} and content like #{searchKey}
		]]>
	</select>
	
	<!-- 게시글 개수 -->
	<select id="getMeetingListCount" resultType="_int" parameterType="_int">
		<![CDATA[
			select count(*) from tb_meeting_board
		]]>
	</select>
	
	<!-- 게시글 내용 개수 -->
	<select id="getMeetingContentCount" resultType="_int" parameterType="hashmap">
		<![CDATA[
			select count(*) from tb_meeting_board where content like #{searchKey}
		]]>
	</select>
	
	<!-- 게시글 이름 개수 -->
	<select id="getMeetingNameCount" resultType="_int" parameterType="hashmap">
		<![CDATA[
			select count(*) from tb_meeting_board a join tb_user b on (a.user_no = b.user_no) where name like #{searchKey}
		]]>
	</select>
	
	<!-- 게시글 제목 개수 -->
	<select id="getMeetingTitleCount" resultType="_int" parameterType="hashmap">
		<![CDATA[
			select count(*) from tb_meeting_board where title like #{searchKey}
		]]>
	</select>

	<!-- 운동같이해요디테일 -->
	<select id="selectDetail" resultType="Meeting" resultMap="MeetingResult">
		<![CDATA[select a.*, b.name from tb_meeting_board a join tb_user b on(a.user_no = b.user_no) where mb_no=#{mb_no}]]>
	</select>
		
	<!-- 운동같이해요글쓰기 -->	
	<insert id="insertMeeting" parameterType="Meeting" flushCache="true"
		statementType="PREPARED" useGeneratedKeys="true" >
		<![CDATA[insert into tb_meeting_board values(mb_seq.nextval,#{user_no},#{title},#{content},#{meeting_location},#{meeting_date},default,default)]]>
	</insert>
		
	<!-- 운동같이해요삭제 -->
	<delete id="deleteMeeting" >
		<![CDATA[delete from tb_meeting_board where mb_no=#{mb_no}]]>
	</delete>
	
	<!-- 운동같이해요 수정하기 페이지로 -->
	<select id="updateMeeting" parameterType="Meeting" resultMap="MeetingResult">
		<![CDATA[select * from tb_meeting_board where mb_no=#{mb_no}]]>
	</select> 
	<!-- 운동같이해요 수정 -->
	<update id="updateMeetingPage" parameterType="Meeting" >
	<![CDATA[update tb_meeting_board set content = #{content}, title = #{title}, meeting_location = #{meeting_location}, meeting_date = #{meeting_date} where mb_no=#{mb_no}]]>
	</update> 
	
	<!--  운동같이해요 검색기능 -->
	 <select id="meetingSearchList" parameterType="Meeting" resultMap="MeetingResult">
		<![CDATA[select * from (select mb_no, name, title, meeting_date, upload_date, readcount from tb_meeting_board a
				join tb_user b on(a.user_no = b.user_no) where ${searchOption} like '%'||#{searchKey}||'%' order by mb_no desc)]]>
	</select>

	<!--  게시글 갯수 -->
	<select id="countOption" resultType="_int">
		<![CDATA[select count(*) from tb_meeting_board where ${searchOption} like '%'||#{searchKey}||'%']]>
	</select>
	
	<!-- 관리자 MeetingBoard 리스트 -->
	<select id="meetingBoardList" resultType="list" resultMap="MeetingResult">
		<![CDATA[
		select * from tb_meeting_board join tb_user using(user_no)
		]]>
	</select>
	
	<!-- 관리자 QnABoard 리스트 -->
	<select id="qnaBoardList" resultType="list" resultMap="CommunityResult">
		<![CDATA[
		select * from tb_com_board join tb_user using(user_no) where BOARD_PROPERTY = 1
		]]>
	</select>	
	
	<!-- 관리자 ReviewBoard 리스트 -->
	<select id="reviewBoardList" resultType="list" resultMap="CommunityResult">
		<![CDATA[
		select * from tb_com_board join tb_user using(user_no) where BOARD_PROPERTY = 0
		]]>
	</select>
	
	<!-- 관리자 MeetingBoard 공지사항 글쓰기 -->
	<insert id="adminMeetingBoardInsert" parameterType="Meeting" flushCache="true"
		statementType="PREPARED" useGeneratedKeys="true" >
		<![CDATA[
		insert into tb_meeting_board values(mb_seq.nextval,#{user_no},#{title},#{content},null,null,default,default)
		]]>
	</insert>
	
	<!-- 관리자QnABoard 공지사항 글쓰기 -->
	<insert id="adminQnaBoardInsert" parameterType="Community" flushCache="true"
		statementType="PREPARED" useGeneratedKeys="true" >
		<![CDATA[
		insert into tb_com_board values(cb_seq.nextval,#{user_no},#{title},#{content},1,default,default)
		]]>
	</insert>
	
	<!-- 관리자QnABoard 공지사항 글쓰기 -->
	<insert id="adminReviewBoardInsert" parameterType="Community" flushCache="true"
		statementType="PREPARED" useGeneratedKeys="true" >
		<![CDATA[
		insert into tb_com_board values(cb_seq.nextval,#{user_no},#{title},#{content},0,default,default)
		]]>
	</insert>
	
	<!-- ======================================qna게시판====================================================== -->
	<!--  qna 게시판 메인 -->
	<select id="qnaListView" resultType="list" resultMap="CommunityResult">
		<![CDATA[select * from(select rownum as rnum, name,a.* from cb_view a join tb_user b on(a.user_no = b.user_no)where board_property = 1)
				 where rnum >=#{startRow} and rnum <=#{endRow}]]>
	</select>
	
	<!--  qna 제목 검색 -->
	<select id="qnaTitleSearch" resultType="list" resultMap="CommunityResult">
		<![CDATA[
			select * from(select rownum as rnum, c.* from (select a.*,b.name from tb_com_board a 
			join tb_user b on(a.user_no=b.user_no) where board_property=1 order by a.cb_no desc) c
			) where rnum >=#{startRow} and rnum <=#{endRow} and title like #{searchKey}
		]]>
	</select>
	<!--  qna 이름 검색  -->
	<select id="qnaNameSearch" resultType="list" resultMap="CommunityResult">
		<![CDATA[
			select * from(select rownum as rnum, c.* from (select a.*,b.name from tb_com_board a 
			join tb_user b on(a.user_no=b.user_no) where board_property=1 order by a.cb_no desc) c
			) where rnum >=#{startRow} and rnum <=#{endRow} and name like #{searchKey}
		]]>	
	</select>
			
	<!--  qna 내용 검색-->	
	<select id="qnaContentSearch" resultType="list" resultMap="CommunityResult">
		<![CDATA[
			select * from(select rownum as rnum, c.* from (select a.*,b.name from tb_com_board a 
			join tb_user b on(a.user_no=b.user_no) where board_property=1 order by a.cb_no desc) c
			) where rnum >=#{startRow} and rnum <=#{endRow} and content like #{searchKey}
		]]>
	</select>
	<!-- 게시글 개수 -->
	<select id="getQnAListCount" resultType="_int" parameterType="_int">
		<![CDATA[
				select count(*) from tb_com_board where board_property = 1
		]]>
	</select>
	
	<!-- 게시글 내용 개수 -->
	<select id="getQnAContentCount" resultType="_int" parameterType="hashmap">
		<![CDATA[
			select count(*) from tb_com_board where content like #{searchKey}
		]]>
	</select>
	
	<!-- 게시글 이름 개수 -->
	<select id="getQnANameCount" resultType="_int" parameterType="hashmap">
		<![CDATA[
			select count(*) from tb_com_board a join tb_user b on (a.user_no = b.user_no) where name like #{searchKey}
		]]>
	</select>
	
	<!-- 게시글 제목 개수 -->
	<select id="getQnATitleCount" resultType="_int" parameterType="hashmap">
		<![CDATA[
			select count(*) from tb_com_board where title like #{searchKey}
		]]>
	</select>
	
	<!--  qna 게시판 글쓰기 -->
	<insert id="insertQnA" parameterType="Community" flushCache="true"
		statementType="PREPARED" useGeneratedKeys="true" >
		<![CDATA[insert into tb_com_board values(cb_seq.nextval,#{user_no},#{title},#{content},1,default,default)]]>
	</insert>	
	<!--  qna 게시판 디테일 -->
	<select id="qnaDetail" resultType="Community" resultMap="CommunityResult">
		<![CDATA[select a.*, b.name from tb_com_board a join tb_user b on(a.user_no = b.user_no) where cb_no=#{cb_no}]]>
	</select>
	<!--  qna 게시판 삭제 -->
	<delete id="deleteQnA">
		<![CDATA[delete from tb_com_board where cb_no=#{cb_no}]]>
	 </delete> 
	 <!-- qna 게시판 수정하기 페이지로 -->
	<select id="updateQnA" parameterType="Community" resultMap="CommunityResult">
		<![CDATA[select * from tb_com_board where cb_no=#{cb_no}]]>
	</select>  
	<!-- qna 수정 -->
	<update id="updateQnAPage" parameterType="Community" >
	<![CDATA[update tb_com_board set content = #{content}, title = #{title} where cb_no=#{cb_no}]]>
	</update> 
	
	<!-- 조회수 증가 -->
	<update id="communityCount" parameterType="Community">
	<![CDATA[update tb_com_board set readcount = readcount +1 where cb_no =#{cb_no}]]>
	</update>
	
	<!--  커뮤니티게시글 갯수 -->
	<select id="communityCountList" resultType="_int">
		<![CDATA[select count(*) from tb_com_board where ${searchOption} like '%'||#{searchKey}||'%']]>
	</select>
	
	
	<!-- ======================================리뷰 게시판====================================================== -->
	
 	<!-- 리뷰게시판 메인 -->
	<select id="reviewListView" resultType="list" resultMap="CommunityResult">
		<![CDATA[
			select * from(select rownum as rnum, name,a.* from cb_view a join tb_user b on(a.user_no = b.user_no)where board_property = 0)
				 where rnum >=#{startRow} and rnum <=#{endRow}
		]]>
	</select>
	
	<!--  리뷰게시판 제목 검색 -->
	<select id="reviewTitleSearch" resultType="list" resultMap="CommunityResult">
		<![CDATA[
			select * from(select rownum as rnum, c.* from (select a.*,b.name from tb_com_board a 
			join tb_user b on(a.user_no=b.user_no) where board_property=0 order by a.cb_no desc) c
			) where rnum >=#{startRow} and rnum <=#{endRow} and title like #{searchKey}
		]]>
	</select>
	<!--  리뷰게시판 이름 검색  -->
	<select id="reviewNameSearch" resultType="list" resultMap="CommunityResult">
		<![CDATA[
			select * from(select rownum as rnum, c.* from (select a.*,b.name from tb_com_board a 
			join tb_user b on(a.user_no=b.user_no) where board_property=0 order by a.cb_no desc) c
			) where rnum >=#{startRow} and rnum <=#{endRow} and name like #{searchKey}
		]]>	
	</select>
			
	<!--  리뷰게시판 내용 검색-->	
	<select id="reviewContentSearch" resultType="list" resultMap="CommunityResult">
		<![CDATA[
			select * from(select rownum as rnum, c.* from (select a.*,b.name from tb_com_board a 
			join tb_user b on(a.user_no=b.user_no) where board_property=0 order by a.cb_no desc) c
			) where rnum >=#{startRow} and rnum <=#{endRow} and content like #{searchKey}
		]]>
	</select>
	
	<!-- 게시글 총 갯수-->
	<select id="getReviewListCount" resultType="_int" parameterType="_int">
		<![CDATA[
			select count(*) from tb_com_board where board_property =0
		]]>
	</select>
	
	<!-- 게시글 내용 개수 -->
	<select id="getReviewContentCount" resultType="_int" parameterType="hashmap">
		<![CDATA[
			select count(*) from tb_com_board where content like #{searchKey}
		]]>
	</select>
	
	<!-- 게시글 이름 개수 -->
	<select id="getReviewNameCount" resultType="_int" parameterType="hashmap">
		<![CDATA[
			select count(*) from tb_com_board a join tb_user b on (a.user_no = b.user_no) where name like #{searchKey}
		]]>
	</select>
	
	<!-- 게시글 제목 개수 -->
	<select id="getReviewTitleCount" resultType="_int" parameterType="hashmap">
		<![CDATA[
			select count(*) from tb_com_board where title like #{searchKey}
		]]>
	</select>
	
	<!-- 리뷰게시판 디테일 -->
	<select id="reviewDetail" resultType="Community" resultMap="CommunityResult">
		<![CDATA[select a.*, b.name from tb_com_board a join tb_user b on(a.user_no = b.user_no) where cb_no=#{cb_no}]]>
	</select>
	
	 <!-- 리뷰게시판 글쓰기 -->
	<insert id="insertReview" parameterType="Community" flushCache="true"
		statementType="PREPARED" useGeneratedKeys="true" >
		<![CDATA[insert into tb_com_board values(cb_seq.nextval,#{user_no},#{title},#{content},0,default,default)]]>
	</insert>
	
	<!--  리뷰게시판 삭제 -->	
	<delete id="deleteReview" parameterType="_int">
		<![CDATA[delete from tb_com_board where cb_no=#{cb_no}]]>
	</delete>
	<!-- 리뷰 게시판 수정하기 페이지로 -->
	<select id="updateReview" parameterType="Community" resultMap="CommunityResult">
		<![CDATA[select * from tb_com_board where cb_no=#{cb_no}]]>
	</select>  
	<!-- 리뷰 게시판 수정 -->
	<update id="updateReviewPage" parameterType="Community" >
	<![CDATA[update tb_com_board set content = #{content}, title = #{title} where cb_no=#{cb_no}]]>
	</update> 
	 
	 <!-- ========================================운동같이해요 댓글 ============================================= -->
	 <!-- 목록 -->
	<select id="meetingCommentList" parameterType="_int" resultType="list" resultMap="MeetingCommentResult">
		<![CDATA[select a.*,b.name from tb_mb_comment a 
        join tb_user b on (a.user_no = b.user_no) where mb_no=#{mb_no} order by mbc_no desc]]>
	</select>
	<!-- 삽입  -->
	<insert id="meetingCommentInsert" parameterType="MeetingComment" flushCache="true" statementType="PREPARED">
	   <![CDATA[insert into tb_mb_comment values (mbc_seq.nextval,#{mb_no},#{content},#{user_no},sysdate)]]>
	</insert>
	

	<!-- 삭제  -->
	<delete id="meetingCommentDelete" parameterType="_int">
		<![CDATA[delete from tb_mb_comment where mbc_no= #{mbc_no}]]>
	</delete>	
	
	 <!-- ========================================커뮤니티 댓글 ============================================= -->
	 <!-- 목록 -->
	<select id="communityCommentList" parameterType="_int" resultType="list" resultMap="CommunityCommentResult">
		<![CDATA[select a.*,b.name from tb_cb_comment a 
        join tb_user b on (a.user_no = b.user_no) where cb_no=#{cb_no} order by cbc_no desc]]>
	</select>
	<!-- 삽입  -->
	<insert id="communityCommentInsert" parameterType="CommunityComment" flushCache="true" statementType="PREPARED">
	   <![CDATA[insert into tb_cb_comment values (cbc_seq.nextval,#{cb_no},#{user_no},#{content},sysdate)]]>
	</insert>
	<!-- 삭제  -->
	<delete id="communityCommentDelete" parameterType="_int">
		<![CDATA[delete from tb_cb_comment where cbc_no= #{cbc_no}]]>
	</delete>	
	
	<!-- ======================================마이페이지 - 작성 목록 불러오기 용====================================================== -->
   <select id="myPageCommunityList" parameterType="_int" resultType="list" resultMap="MyPageCommunity">
      <![CDATA[
      select * from tb_com_board where user_no=#{user_no}
      ]]>
   </select>
   <select id="myPageCommunitySelectedList" parameterType="hashmap" resultType="list" resultMap="MyPageCommunity">
      <![CDATA[
      select * from tb_com_board where user_no=#{user_no} and
      ]]>
      <if test="selectValue.equals('후기')">
			BOARD_PROPERTY = 0
	  </if>
	  <if test="selectValue.equals('QnA')">
			BOARD_PROPERTY = 1
	  </if>
   </select>
   <select id="myPageMeetingList" parameterType="_int" resultType="list" resultMap="MyPageMeeting">
      <![CDATA[
      select * from tb_meeting_board where user_no=#{user_no}
      ]]>
   </select>
   <select id="myPageCommunitySearchList" parameterType="hashmap" resultType="list" resultMap="MyPageCommunity">
      <![CDATA[
      select * from tb_com_board where user_no=#{user_no} and title like #{keyword}
      ]]>
   </select>
   <select id="myPageMeetingSearchList" parameterType="hashmap" resultType="list" resultMap="MyPageMeeting">
      <![CDATA[
      select * from tb_meeting_board where user_no=#{user_no} and title like #{keyword}
      ]]>
   </select>
	
	
	</mapper>