<?xml version="1.0" encoding="UTF-8"?>
<!DOCTYPE mapper PUBLIC
"-//mybatis.org//DTD Mapper 3.0//EN"
"http://mybatis.org/dtd/mybatis-3-mapper.dtd">
<mapper namespace="gymcomment">

	<resultMap id="resultGymComment" type="GymComment">
		<id property="gc_no" column="gc_no"/>
		<result property="gym_no" column="gym_no" />
		<result property="content" column="content"/>
		<result property="rating" column="rating"/>
		<result property="user_no" column="user_no"/>
		<result property="upload_date" column="upload_date"/>		
	</resultMap>
	
	<resultMap id="resultGymRating" type="GymRating">
		<result property="gym_no" column="gym_no"/>
		<result property="gym_name" column="gym_name"/>
		<result property="location" column="location"/>
		<result property="register_date" column="register_date"/>
		<result property="category" column="category"/>
		<result property="gc_no" column="gc_no"/>
		<result property="content" column="content"/>
		<result property="rating" column="rating"/>
	</resultMap>
	
		<select id="GymRatingList" resultMap="resultGymRating" resultType="list">
		<![CDATA[
			select *
			from(select gym_no, round(avg(rating), 1) rating from tb_gym_comment
			group by gym_no order by rating desc)  join tb_gym using(gym_no) join tb_user using(user_no)
			where rownum <=5
			order by rating desc
		]]>
	</select>
	
	<insert id="insertreview" parameterType="GymComment" flushCache="true"
		statementType="PREPARED" useGeneratedKeys="true">
		<![CDATA[
			insert into tb_gym_comment
			values (gc_seq.nextval, #{gym_no}, #{content}, #{rating}, #{user_no}, default)
		]]>
	</insert>
	
	<select id="selectreview" parameterType="GymComment" resultMap="resultGymComment" resultType="list">
		<![CDATA[
			select gc_no, gym_no, content, to_char(rating, '0.0') as str_rating , user_no, to_char(upload_date, 'yyyy-mm-dd') as "str_date", nickname
			from tb_gym_comment
			join tb_user using(user_no)
			where gym_no = #{gym_no}
			order by gc_no desc
		]]>
	</select>
	
	<delete id="deletereview" parameterType="GymComment" flushCache="true" statementType="PREPARED">
		<![CDATA[
			delete from tb_gym_comment
			where gc_no = #{gc_no}
		]]>
	</delete>
	
</mapper>