<?xml version="1.0" encoding="utf-8"?>
<!DOCTYPE mapper PUBLIC
"-//mybatis.org//DTD Mapper 3.0//EN"
"http://mybatis.org/dtd/mybatis-3-mapper.dtd">
<mapper namespace="gym">

	<resultMap id="resultGymQnABoard" type="GymQnABoard">
		<id property="q_no" column="q_no" />
		<result property="sender" column="sender" />
		<result property="receiver" column="receiver" />
		<result property="title" column="title" />
		<result property="content" column="content" />
		<result property="original_filename" column="original_filename" />
		<result property="rename_filename" column="rename_filename" />
		<result property="write_date" column="write_date" />
		<result property="q_level" column="q_level" />
		<result property="ref_no" column="ref_no" />
		<result property="response_state" column="response_state" />
		<result property="email" column="email" />
		<result property="name" column="name" />
		<result property="user_no" column="user_no" />
		<result property="gym_name" column="gym_name" />
		<result property="stringWrite_date" column="stringWrite_date" />
	</resultMap>
	
	<resultMap id="resultBusinessRequest" type="BusinessRequest">
		<id property="gym_no" column="gym_no"/>
		<id property="gym_name" column="gym_name"/>
		<id property="location" column="location"/>
		<id property="user_no" column="user_no"/>
		<id property="approval_state" column="approval_state"/>
		<id property="email" column="email"/>
		<id property="name" column="name"/>
		<id property="user_level" column="user_level"/>
		<id property="user_state" column="user_state"/>
		<id property="register_date" column="register_date"/>
		<id property="category" column="category"/>
		<id property="rename_image" column="rename_image" />
		<id property="op_time" column="op_time" />
		<id property="tel" column="tel" />
		<id property="phone" column="phone" />
		<id property="price" column="price" />
		<id property="description" column="description" />
		
		
	</resultMap>

	<resultMap id="resultGymRequest" type="Gym">
		<id property="gym_name" column="gym_name"/>
		<id property="original_image" column="original_image"/>
		<id property="rename_image" column="rename_image"/>
		<id property="op_time" column="op_time"/>
		<id property="tel" column="tel"/>
		<id property="phone" column="phone"/>
		<id property="price" column="price"/>
		<id property="description" column="description"/>
		<id property="location" column="location"/>
		<id property="user_no" column="user_no"/>
		<id property="delete_date" column="delete_date"/>
		<id property="approval_state" column="approval_state"/>
		<id property="register_date" column="register_date"/>
	</resultMap>
	
	<resultMap id="resultPublicRequest" type="PublicGym">
		<id property="category" column="category"/>
		<id property="category_public" column="category_public"/>
		<id property="location" column="location"/>
		<id property="lng" column="lng"/>
		<id property="lat" column="lat"/>
		<id property="tel" column="tel"/>
		<id property="homepage" column="homepage"/>
		<id property="op_time" column="op_time"/>
		<id property="end_time" column="end_time"/>
	</resultMap>
	
	<resultMap id="resultPublicGymChart" type="PublicGymChart">
		
		<id property="location" column="location"/>
		<id property="public_count" column="public_count"/>
	</resultMap>
	
	
	<resultMap id="resultGym" type="Gym">
		<id property="gym_no" column="gym_no"/>
		<id property="gym_name" column="gym_name"/>
		<id property="original_image" column="original_image"/>
		<id property="rename_image" column="rename_image"/>
		<id property="op_time" column="op_time"/>
		<id property="tel" column="tel"/>
		<id property="phone" column="phone"/>
		<id property="price" column="price"/>
		<id property="description" column="description"/>
		<id property="location" column="location"/>
		<id property="user_no" column="user_no"/>
		<id property="delete_date" column="delete_date"/>
		<id property="approval_state" column="approval_state"/>
	</resultMap>
	
	<!-- <resultMap id="resultNaverMap" type="NaverMap">
		<result property="minLat" column="minLat"/>
		<result property="maxLat" column="maxLat"/>
		<result property="minLng" column="minLng"/>
		<result property="maxLat" column="maxLng"/>
	</resultMap> -->
	
	<select id="businessRequest" parameterType="_int" resultMap="resultBusinessRequest" resultType="list">
		<![CDATA[ 
		select *
		 from tb_gym  join (select * from tb_user where user_level=#{level}) using(user_no)

		]]>
	</select>
	
	
	<select id="publicGymList" resultMap="resultPublicGymChart" resultType="list">
		<![CDATA[ 
		select *
   		from   (select  substr(location, 1, 2) location, count(public_name) public_count from tb_public_gym
		group by substr(location, 1, 2)
		order by count(public_name) desc)
		where rownum <=12
		]]>
	</select>
	
	<select id="topGymRequest" parameterType="_int" resultMap="resultBusinessRequest" resultType="list">
		<![CDATA[ 
		select  gym_no, gym_name, location, user_no, email, name, register_date, category
		from  TB_GYM  g join tb_user u using(user_no)
		where   rownum < 4 and approval_state = #{level} order by register_date, gym_no asc
		]]>
	</select>
	
	<select id="GymQnABoard" parameterType="_int" resultMap="resultGymQnABoard" resultType="list">
		<![CDATA[ 
		select * from tb_qna q join tb_user u on(q.sender = u.user_no) 
		where rownum < 4 and receiver = #{receiver} and response_state=0 order by write_date, q_no asc

		]]>
	</select>
	
	<insert id="adminQnAResponse" parameterType="hashmap" flushCache="true"
		statementType="PREPARED" useGeneratedKeys="true" >
		<![CDATA[
			insert into tb_qna
			values (qna_seq.nextval, #{board.sender}, #{board.receiver},null, #{board.title}, #{board.content}, null, null, default, 1, #{responseQ_no}, 1)
		]]>
	</insert>	

	
	<select id="adminBoard" resultMap="resultGymQnABoard">
		<![CDATA[
		select * from tb_qna q join tb_user u on(q.sender = u.user_no) where receiver = 1
		]]>
	</select>
	
	<update id="qnaBoardUpdate" parameterType="_int"
		flushCache="true" statementType="PREPARED" >
		<![CDATA[
		update tb_qna
		set response_state=1
		where q_no = #{responseQ_no}
		]]>
	</update>
	
	<select id="RequestCount" parameterType="_int" resultType="_int">
		<![CDATA[ 
		select count(*) from tb_gym where approval_state = #{level}
		]]>
	</select>	
	
	<select id="gymCount" parameterType="_int" resultType="_int">
		<![CDATA[ 
		select count(*) from tb_gym where approval_state = #{receiver}
		]]>
	</select>
	
	<select id="QnaMessage" parameterType="_int" resultType="_int">
		<![CDATA[ 
		select count(*) from tb_qna where receiver = #{receiver}
		]]>
	</select>
	
	
	<update id="businessChange" parameterType="_int"
		flushCache="true" statementType="PREPARED" >
		<![CDATA[
		update tb_gym 
		set approval_state = 0
		where user_no = #{user_no}
		]]>
	</update>
	
		
	<update id="gymRequest" parameterType="_int"
		flushCache="true" statementType="PREPARED" >
		<![CDATA[
		update tb_gym 
		set approval_state = 1
		where gym_no = #{gym_no}
		]]>
	</update>
	
	<update id="gymCancel" parameterType="_int"
		flushCache="true" statementType="PREPARED" >
		<![CDATA[
		update tb_gym 
		set approval_state = 0
		where gym_no = #{gym_no}
		]]>
	</update>
	
	
	<select id="myPageQnABoardList" parameterType="hashmap" resultMap="resultGymQnABoard" resultType="list">
		<![CDATA[ 
		select * from (
			select rownum rnum, q_no, sender, receiver, title, content, original_filename, rename_filename, write_date, q_level, ref_no, response_state
			from (select * from tb_qna where (sender=#{user_no} or receiver=#{user_no}) order by ref_no desc, q_level asc)
		) where (rnum>=#{qPage.startRow} and rnum<=#{qPage.endRow})
		]]>
	</select>
	
	<select id="myPageQnABoardCount" parameterType="_int" resultType="_int">
		<![CDATA[ 
		select count(*) from tb_qna where sender=#{userNo} or receiver=#{userNo}
		]]>
	</select>
	<select id="myPageQnABoardSelectedCount" parameterType="hashmap" resultType="_int">
		<![CDATA[ 
		select count(*) from tb_qna where 
		]]>
		<if test="selectValue.equals('Q미답변')">
			q_level=0 and receiver=#{user_no} and response_state=0
		</if>
		<if test="selectValue.equals('Q답변완료')">
			q_level=0 and receiver=#{user_no} and response_state=1
		</if>
		<if test="selectValue.equals('Q질문')">
			q_level=0 and sender=#{user_no}
		</if>
		<if test="selectValue.equals('A답변완료')">
			q_level=1 and sender=#{user_no}
		</if>
		<if test="selectValue.equals('A답변받음')">
			q_level=1 and receiver=#{user_no}
		</if>
	</select>
	
	<select id="myPageQnABoardSelectedList" parameterType="hashmap" resultMap="resultGymQnABoard" resultType="list">
		<![CDATA[ 
		select * from (
			select rownum rnum, q_no, sender, receiver, title, content, original_filename, rename_filename, write_date, q_level, ref_no, response_state
			from (select * from tb_qna where 
		]]>
		<if test="selectValue.equals('Q미답변')">
			q_level=0 and receiver=#{user_no} and response_state=0
		</if>
		<if test="selectValue.equals('Q답변완료')">
			q_level=0 and receiver=#{user_no} and response_state=1
		</if>
		<if test="selectValue.equals('Q질문')">
			q_level=0 and sender=#{user_no}
		</if>
		<if test="selectValue.equals('A답변완료')">
			q_level=1 and sender=#{user_no}
		</if>
		<if test="selectValue.equals('A답변받음')">
			q_level=1 and receiver=#{user_no}
		</if>
		<![CDATA[ 
		order by ref_no desc, q_level asc)
		) where (rnum>=#{qPage.startRow} and rnum<=#{qPage.endRow})
		]]>
	</select>
	
	<select id="myPageQnABoardSearchList" parameterType="hashmap" resultMap="resultGymQnABoard" resultType="list">
		<![CDATA[ 
		select * from (
			select rownum rnum, q_no, sender, receiver, title, content, original_filename, rename_filename, write_date, q_level, ref_no
			from (select * from tb_qna where (sender=#{user_no} or receiver=#{user_no}) and (title like #{keyword}) order by ref_no desc, q_level asc)
		) where (rnum>=#{qPage.startRow} and rnum<=#{qPage.endRow})
		]]>
	</select>
	
	<select id="myPageQnABoardSearchCount" parameterType="hashmap" resultType="_int">
		<![CDATA[ 
		select count(*) from tb_qna where (sender=#{user_no} or receiver=#{user_no}) and (title like #{keyword})
		]]>
	</select>
	
	<!-- 체육관 찾기 -->
	<select id="selectGymList" resultType="list" resultMap="resultGymRequest" parameterType="hashmap">
		<![CDATA[
			select * from(select rownum rnum, T.* from tb_gym T where approval_state = 1) a where a.rnum >= #{startRow} and a.rnum <= #{endRow}  
		]]>
	</select>
	
	<select id="selectPublicList" resultType="list" resultMap="resultPublicRequest" parameterType="hashmap">
		<![CDATA[
			select * from(select rownum rnum, T.* from tb_public_gym T) a where a.rnum >= #{startRow} and a.rnum <= #{endRow}
		]]>
	</select>
	
	<select id="selectGymCount" resultType="_int" parameterType="_int">
		<![CDATA[
			select count(*) from tb_gym where approval_state = 1
		]]>
	</select>
	
	<select id="selectPublicCount" resultType="_int" parameterType="_int">
		<![CDATA[
			select count(*) from tb_public_gym
		]]>
	</select>
	
	<insert id="InsertImage" parameterType="Gym" flushCache="true"
		statementType="PREPARED" useGeneratedKeys="true" >
		<![CDATA[
			insert into tb_gym
			values (gym_seq.nextval, 'name' , #{original_image}, #{rename_image}, 'optime', 'tel', 'phone', 'price', 'category', 'description', 'location', '1', default, default, default,  0,0)
		]]>
	</insert>
	
	<update id="InsertGym" parameterType="Gym" flushCache="true" statementType="PREPARED" >
		<![CDATA[
		update tb_gym
		set gym_name = #{gym_name},
			op_time = #{op_time},
			tel = #{tel},
			phone = #{phone},
			price = #{price},
			category = #{category},
			description = #{description},
			location = #{location},
			user_no = #{user_no}
		where gym_no = #{gym_no}
		]]>
	</update>
	
	<select id="selectfromImg" resultType="Gym" parameterType="Gym">
		<![CDATA[
			select gym_no
			from tb_gym
			where rename_image = #{rename_image}
		]]>
	</select>
	
	<select id="regCount" resultType="_int" parameterType="Gym">
		<![CDATA[
			select count(*)
			from tb_gym
			where user_no = #{user_no} and approval_state in (0,1)
		]]>
	</select>
	
	<select id="regCountName" resultType="_int" parameterType="Gym">
		<![CDATA[
			select count(*)
			from tb_gym
			where user_no = #{user_no} and gym_name like '%'||#{gym_name}||'%' and approval_state in (0,1)
		]]>
	</select>
	
	<select id="mygymlist" resultType="list" resultMap="resultGym" parameterType="Gym">
		<![CDATA[
			select gym_no, gym_name, rename_image, op_time,
				   tel, phone, price, category, description, location, user_no, approval_state
			from tb_gym
			where user_no = #{user_no} and approval_state in (0,1)
			order by approval_state desc
		]]>
	</select>
	
	<select id="mygymlistName" resultType="list" resultMap="resultGym" parameterType="Gym">
		<![CDATA[
			select gym_no, gym_name, rename_image, op_time,
				   tel, phone, price, category, description, location, user_no
			from tb_gym
			where user_no = #{user_no} and gym_name like '%'||#{gym_name}||'%' and approval_state in (0,1)
		]]>
	</select>
	
	<update id="deleteGym" parameterType="Gym" flushCache="true" statementType="PREPARED" >
		<![CDATA[
		update tb_gym
		set approval_state = 2
		where gym_no = #{gym_no}
		]]>
	</update>
	
	<select id="detailselect" resultType="Gym" parameterType="Gym">
		<![CDATA[
			select *
			from tb_gym
			where gym_no = #{gym_no}
		]]>
	</select>
	
	<insert id="insertGymQnABoard" parameterType="hashmap" flushCache="true"
		statementType="PREPARED" useGeneratedKeys="true" >
		<![CDATA[
			insert into tb_qna
			values (qna_seq.nextval, #{board.sender}, 
		]]>
			<if test="mode == 1">
				1, null, 
			</if>
			<if test="mode != 1">(select user_no from tb_gym where gym_no=#{board.receiver}), #{board.receiver}, </if>
		<![CDATA[
			#{board.title}, #{board.content}, 
		]]>
			<if test="board.original_filename != null">#{board.original_filename}, #{board.rename_filename},</if>
			<if test="board.original_filename == null">null, null, </if>
		<![CDATA[
			default, default, qna_seq.nextval, default)
		]]>
	</insert>
	<select id="selectGymQnABoard" parameterType="_int" resultMap="resultGymQnABoard" resultType="list">
		<![CDATA[ 
			select q_no, sender, receiver, title, content, original_filename, rename_filename, TO_CHAR(TO_DATE(write_date), 'yyyy/mm/dd') as stringWrite_date, 
			q_level, ref_no, response_state, email, name, u.user_no as user_no, gym_name from tb_qna q
			join tb_user u on (q.sender = u.user_no) 
			left join tb_gym using (gym_no) 
			where q_no=#{q_no}
		]]>
	</select>
	<delete id="deleteGymQnABoard" parameterType="_int"
		flushCache="true" statementType="PREPARED" >
		<![CDATA[
		delete from tb_qna where q_no = #{q_no}
		]]>
	</delete>
	<update id="updateGymQnABoard" parameterType="GymQnABoard" flushCache="true" statementType="PREPARED" >
		<![CDATA[
		update tb_qna  
	    set content=#{content}, title=#{title}
		]]>
		<if test="original_filename != null">, original_filename=#{original_filename}, rename_filename=#{rename_filename} </if>
		<![CDATA[
		where q_no = #{q_no}
		]]>
	</update>
	<select id="selectadminQnAResponseQNo" parameterType="_int" resultType="string">
		<![CDATA[ 
			select q_no
			from tb_qna
			where ref_no=#{q_no} and q_level=1
		]]>
	</select>
	<insert id="insertGymQnABoardAnswer" parameterType="GymQnABoard" flushCache="true"
		statementType="PREPARED" useGeneratedKeys="true" >
		<![CDATA[
			insert into tb_qna
			values (qna_seq.nextval, #{sender}, #{receiver}, 
		]]>
			<if test="gym_name != null">(select gym_no from tb_gym where gym_name=#{gym_name}),</if>
			<if test="gym_name == null">null,</if>
		<![CDATA[
			#{title}, #{content},
		]]>
			<if test="original_filename != null">#{original_filename}, #{rename_filename},</if>
			<if test="original_filename == null">null, null, </if>
		<![CDATA[
			default, 1, #{q_no}, 1)
		]]>
	</insert>
	<update id="updateGymQnABoardResponse" parameterType="hashmap" flushCache="true" statementType="PREPARED" >
		<![CDATA[
		update tb_qna 
	    set RESPONSE_STATE=#{responseSt}
		where q_no = #{ref_no}
		]]>
	</update>
	
	<update id="updateContent" parameterType="Gym" flushCache="true" statementType="PREPARED">
		<![CDATA[
			update tb_gym
			set gym_name = #{ gym_name },
				op_time = #{ op_time },
				tel = #{ tel },
				phone = #{ phone },
				price = #{ price },
				category = #{ category },
				description = #{ description }
			where user_no = #{ user_no } and gym_no = #{ gym_no }
		]]>
	</update>
	
	<update id="updateLocation" parameterType="Gym" flushCache="true" statementType="PREPARED">
		<![CDATA[
			update tb_gym
			set location = #{ location }
			where user_no = #{ user_no } and gym_no = #{ gym_no }
		]]>
	</update>
	
	<update id="updateImg" parameterType="Gym" flushCache="true" statementType="PREPARED">
		<![CDATA[
			update tb_gym
			set original_image = #{ original_image },
				rename_image = #{ rename_image }
			where gym_no = #{ gym_no } and user_no = #{ user_no }
		]]>
	</update>
	
	<select id="nearestPublicGym" parameterType="hashmap" resultType="list" resultMap="resultPublicRequest">
         <![CDATA[
            select public_name, location, lng, lat, tel, phone from(
         select public_name, location, DISTNACE_WGS84(#{lat}, #{lng}, to_number(lat,'999.99999999') , to_number(lng,'999.99999999')) as DISTANCE
         from tb_public_gym
         order by DISTANCE asc) where rownum = 1
           ]]>
   </select>
   
   <select id="publicMapList" parameterType="hashmap" resultType="list" resultMap="resultPublicRequest">
   		<![CDATA[
   			select * from tb_public_gym where (lat between #{minLat} and #{maxLat}) and (lng between #{minLng} and #{maxLng})
   		]]>
   </select>
	
	<select id="healthMapList" resultType="list" parameterType="hashmap" resultMap="resultGymRequest">
   	<![CDATA[
   		select * from tb_gym where approval_state = 1
   	]]>
   </select>
   
   <select id="onegym" parameterType="Gym" resultType="Gym">
   		<![CDATA[
   			select gym_no, gym_name, category, tel, phone, description, location, NVL(to_char(rating, '0.0'), 0) as str_rating
   			from tb_gym
   			left outer join (select gym_no, avg(rating) as rating
   				  from tb_gym_comment
   				  where gym_no = #{gym_no}
   				  group by gym_no)
   			using(gym_no)
   			where gym_no = #{gym_no}
   		]]>
   </select>
</mapper>
