<?xml version="1.0" encoding="utf-8"?>
<!DOCTYPE mapper PUBLIC
"-//mybatis.org//DTD Mapper 3.0//EN"
"http://mybatis.org/dtd/mybatis-3-mapper.dtd">
<mapper namespace="gymschedule">

	<resultMap id="resultSchedule" type="GymSchedule">
		<id property="gs_no" column="gs_no" />
		<result property="gym_no" column="gym_no" />
		<result property="day" column="day" />
		<result property="schedule_time" column="schedule_time" />
		<result property="title" column="title" />
	</resultMap>
	
	<resultMap id="resultGymSchedule" type="GymSchedule">
		<id property="gs_no" column="gs_no" />
		<result property="gym_no" column="gym_no" />
		<result property="strDate" column="day" />
		<result property="schedule_time" column="schedule_time" />
		<result property="title" column="title" />
	</resultMap>
	
	<insert id="OneSchedule" parameterType="GymSchedule" flushCache="true"
		statementType="PREPARED" useGeneratedKeys="true" >
		<![CDATA[
			insert into tb_gym_schedule
			values (gs_seq.nextval, #{gym_no}, #{day}, #{schedule_time}, #{title})
		]]>
	</insert>
	
	<select id="selectGymSchedule" parameterType="GymSchedule" resultMap="resultGymSchedule" resultType="list">
		<![CDATA[
			select *
			from tb_gym_schedule
			where gym_no = #{gym_no}
		]]>
	</select>
</mapper>
