<?xml version="1.0" encoding="UTF-8"?>
<!DOCTYPE mapper PUBLIC
"-//mybatis.org//DTD Mapper 3.0//EN"
"http://mybatis.org/dtd/mybatis-3-mapper.dtd">
<mapper namespace="like">

	<resultMap id="resultLike" type="Like">
		<id property="v_no" column="v_no"/>
		<result property="user_no" column="user_no"/>
		<result property="category1" column="category1"/>
		<result property="category2" column="category2"/>
		<result property="like_date" column="like_date" jdbcType="DATE" javaType="java.sql.Date"/>	
	</resultMap>
	
	<select id="selectLikeList" resultType="list" resultMap="resultLike">
		<![CDATA[
			select * from tb_like
		]]>
	</select>
	
	<select id="selectLike" resultType="Like" resultMap="resultLike" parameterType="_int">
		<![CDATA[
			select * from tb_like where v_no = #{v_no} and user_no=#{user_no}
		]]>
	</select><!-- 좋아요 테이블 객체 select -->
	
	<select id="likeDetail" resultType="Like" resultMap="resultLike" parameterType="_int">
		<![CDATA[
			select * from tb_like where user_no=#{user_no}
		]]>
	</select>
	
	<insert id="insertLike" parameterType="Like" flushCache="true" statementType="PREPARED" useGeneratedKeys="true">
		<![CDATA[
			insert into tb_like values (#{v_no},#{user_no},#{category1},#{category2},default)
		]]>	
	</insert> <!-- 좋아요 증가 -->
	
	<delete id="deleteLike" parameterType="Like" flushCache="true" statementType="PREPARED">
		<![CDATA[
			delete from tb_like where v_no=#{v_no} and user_no=#{user_no}
		]]>
	</delete>
	
	<select id="selectLikeCount" parameterType="_int" resultType="int">
		<![CDATA[
			select count(*) from tb_like where v_no=#{v_no}
		]]>	
	</select>
	
	<delete id="deleteMySchedule" parameterType="Like" flushCache="true" statementType="PREPARED">
		<![CDATA[
			delete from TB_MYPAGE_SCHEDULE where v_no=#{v_no} and user_no=#{user_no}
		]]>
	</delete>
	
	<insert id="insertMySchedule" parameterType="Like" flushCache="true" statementType="PREPARED" useGeneratedKeys="true">
		<![CDATA[
			insert into TB_MYPAGE_SCHEDULE values (ms_seq.nextval,#{v_no},#{user_no},null,default)
		]]>	
	</insert> <!-- 좋아요 증가 -->
	

</mapper>