<?xml version="1.0" encoding="utf-8"?>
<!DOCTYPE mapper PUBLIC
"-//mybatis.org//DTD Mapper 3.0//EN"
"http://mybatis.org/dtd/mybatis-3-mapper.dtd">
<mapper namespace="user">

	<resultMap id="resultUser" type="User">
		<id property="user_no" column="USER_NO" />
		<result property="email" column="EMAIL" />
		<result property="pwd" column="PWD" />
		<result property="name" column="NAME" />
		<result property="nickname" column="NICKNAME" />
		<result property="phone" column="PHONE" />
		<result property="user_level" column="USER_LEVEL" />
		<result property="delete_date" column="DELETE_DATE" />
		<result property="tmppwd_tf" column="TMPPWD_TF" />
		<result property="original_image" column="original_image" />
		<result property="rename_image" column="rename_image" />
		<result property="user_state" column="user_state" />
	</resultMap>
	
	<resultMap id="resultList" type="User">
		<result property="user_no" column="USER_NO" />
		<result property="email" column="EMAIL" />
		<result property="pwd" column="PWD" />
		<result property="name" column="NAME" />
		<result property="nickname" column="NICKNAME" />
		<result property="phone" column="PHONE" />
		<result property="user_level" column="USER_LEVEL" />
		<result property="delete_date" column="DELETE_DATE" />
		<result property="tmppwd_tf" column="TMPPWD_TF" />
		<result property="original_image" column="original_image" />
		<result property="rename_image" column="rename_image" />
	</resultMap>
	
	<resultMap id="resultUserSchedule" type="UserSchedule">
		<id property="s_no" column="s_no" />
		<result property="v_no" column="v_no" />
		<result property="user_no" column="user_no" />
		<result property="content" column="content" />
		<result property="title_content" column="content_1" />
		<result property="upload_date" column="upload_date" />
		<result property="url" column="url" />
		<result property="title" column="title" />
		<result property="category1" column="category1" />
		<result property="category2" column="category2" />
	</resultMap>

	<select id="selectUser" parameterType="String" resultType="User"
		resultMap="resultUser">
		<![CDATA[
			select * 
			from tb_user 
			where email = #{email} and DELETE_DATE is null
		]]>
		
	</select>
	
	<select id="userList" parameterType="_int" resultType="User"
		resultMap="resultUser">
		<![CDATA[
			select * 
			from tb_user 
			where user_level = #{level} 
		]]>
		
	</select>
	
	<select id="totalUser" parameterType="_int" resultType="_int">
		<![CDATA[
			select count(*) 
			from tb_user 
			where user_level = #{level} 
		]]>
		
	</select>
	
	<select id="totalBusiness" parameterType="_int" resultType="_int">
		<![CDATA[
			select count(*) 
			from tb_user 
			where user_level = #{receiver} 
		]]>
		
	</select>
	
	
	<select id="userDetail" parameterType="User" resultType="User" resultMap="resultUser">
		<![CDATA[
			select * 
			from tb_user 
			where user_no = #{user_no} 
		]]>
		
	</select>
	
	<select id="businessList" parameterType="_int" resultType="User"
		resultMap="resultUser">
		<![CDATA[
			select * 
			from tb_user 
			where user_level = #{level} 
		]]>
		
	</select>
	
	<update id="userChange" parameterType="_int"
		flushCache="true" statementType="PREPARED" >
		<![CDATA[
		update tb_user 
		set user_state = 1
		where user_no = #{user_no}
		]]>
	</update>
	
	<update id="userBack" parameterType="_int"
		flushCache="true" statementType="PREPARED" >
		<![CDATA[
		update tb_user 
		set user_state = 0
		where user_no = #{user_no}
		]]>
	</update>

	<select id="selectInfo" parameterType="_int" resultType="User"
		resultMap="resultUser">
		<![CDATA[
		select * from tb_user where user_no = #{user_no}
		]]>
	</select>
	
	<select id="emailCheck" parameterType="string" resultType="User"
		resultMap="resultUser">
		<![CDATA[
			select *
			from tb_user
			where email = #{email}
		]]>
	</select>
	
	<select id="nicknameCheck" parameterType="string" resultType="User"
		resultMap="resultUser">
		<![CDATA[
			select *
			from tb_user
			where nickname = #{nickname}
		]]>	
	</select>
	
	<select id="phonecheck" parameterType="string" resultType="User"
		resultMap="resultUser">
		<![CDATA[
			select *
			from tb_user
			where phone = #{phone}
		]]>	
	</select>
	
	<insert id="register" parameterType="User" flushCache="true"
		statementType="PREPARED" useGeneratedKeys="true" >
		<![CDATA[
			insert into tb_user
			values (user_seq.nextval, #{email}, #{pwd}, #{name}, #{nickname}, #{phone}, #{user_level}, null, 0, null, null, 0)
		]]>
	</insert>
	
	<select id="findid" parameterType="User" resultType="User"
		resultMap="resultUser">
		<![CDATA[
			select *
			from tb_user
			where phone = #{phone}
			and name = #{name}
		]]>	
	</select>
	
	<select id="findpwdcheck" parameterType="User" resultType="User"
		resultMap="resultUser">
	<![CDATA[
		select *
		from tb_user
		where email = #{email}
		and name = #{name}
		and phone = #{phone}
	]]>
	</select>
	
	<update id="tmppwd" parameterType="User"
		flushCache="true" statementType="PREPARED" >
		<![CDATA[
		update tb_user 
		set pwd = #{pwd}, tmppwd_tf = 1
		where email = #{email} and name = #{name}
		]]>
	</update>
	
	<select id="userAllSchedule" parameterType="_int" resultMap="resultUserSchedule" resultType="list">
      <![CDATA[ 
      select * from tb_mypage_schedule left join tb_video_board using (v_no) where user_no=#{userNo}
      ]]>
   </select>
	
	
	<select id="yesterdaySchedule" parameterType="_int" resultMap="resultUserSchedule" resultType="list">
		<![CDATA[ 
		select * from tb_mypage_schedule left join tb_video_board using (v_no) where user_no=#{userNo} and to_char(UPLOAD_DATE,'rr/MM/dd')=to_char(sysdate-1, 'rr/MM/dd')
		]]>
	</select>
	
	<select id="todaySchedule" parameterType="_int" resultMap="resultUserSchedule" resultType="list">
		<![CDATA[ 
		select * from tb_mypage_schedule left join tb_video_board using (v_no) where user_no=#{userNo} and to_char(UPLOAD_DATE,'rr/MM/dd')=to_char(sysdate, 'rr/MM/dd')
		]]>
	</select>
	
	<select id="userPwdSelect" parameterType="_int" resultType="User"
		resultMap="resultUser">
		<![CDATA[
			select *
			from tb_user
			where user_no = #{user_no}
		]]>	
	</select>
	
	<update id="userUpdate" parameterType="User"
		flushCache="true" statementType="PREPARED" >
		<![CDATA[
		update tb_user 
		set name=#{name}, nickname=#{nickname}, phone=#{phone} 
		where user_no = #{user_no}
		]]>
	</update>
	
	<update id="userPwdUpdate" parameterType="User"
		flushCache="true" statementType="PREPARED" >
		<![CDATA[
		update tb_user 
		set pwd=#{pwd}, TMPPWD_TF=0 
		where user_no = #{user_no}
		]]>
	</update>
	
	<update id="userDelete" parameterType="User"
		flushCache="true" statementType="PREPARED" >
		<![CDATA[
		update tb_user 
		set DELETE_DATE=sysdate+7   
		where user_no = #{user_no}
		]]>
	</update>
	
	<update id="userProfileImgUpdate" parameterType="User"
		flushCache="true" statementType="PREPARED" >
		<![CDATA[
		update tb_user 
		]]>
		<choose>
		    <when test="original_image != null">
		    set original_image=#{original_image}, rename_image=#{rename_image} 
		    </when>
		    <otherwise>
		    set original_image=null, rename_image=null 
		    </otherwise>
	  	</choose>	
	  	<![CDATA[
		where user_no = #{user_no}
		]]>
	</update>
	
	
	<insert id="insertUSchedule" parameterType="UserSchedule" flushCache="true"
		statementType="PREPARED" useGeneratedKeys="true" >
		<![CDATA[
			insert into tb_mypage_schedule
			values (ms_seq.nextval, null, #{user_no}, #{content}, #{upload_date})
		]]>
	</insert>	
	<delete id="deleteUSchedule" parameterType="_int"
		flushCache="true" statementType="PREPARED" >
		<![CDATA[
		delete from tb_mypage_schedule where s_no = #{s_no}
		]]>
	</delete>
	<update id="updateUSchedule" parameterType="hashmap" flushCache="true" statementType="PREPARED" >
		<![CDATA[
		update tb_mypage_schedule  
	    set content = #{content} 
		where s_no = #{s_no}
		]]>
	</update>
	
	
	<!-- <select id="selectAll" resultType="list" resultMap="resultList">
	<![CDATA[
		select * from member
		]]>
	</select>
	
	<insert id="insertMember" parameterType="Member" flushCache="true" 
	statementType="PREPARED" useGeneratedKeys="true" >
	<![CDATA[
		insert into member
		values (#{member_id}, #{member_pwd}, #{member_name}, 
			   #{gender}, #{age}, #{email}, #{phone}, #{address}, #{hobby}, default)
			   ]]>
	</insert>

	<update id="updateMember" parameterType="Member"
		flushCache="true" statementType="PREPARED" >
		<![CDATA[
		update member 
		set member_pwd = #{member_pwd}, member_name = #{member_name}, 
			age = #{age}, email = #{email}, phone = #{phone}, 
			address = #{address}, hobby = #{hobby}
		where member_id = #{member_id}
		]]>
	</update>

	<delete id="deleteMember" parameterType="string"
		flushCache="true" statementType="PREPARED" >
		<![CDATA[
		delete from member where member_id = #{member_id}
		]]>
	</delete>
 -->
</mapper>
